"","SITE_ID","SITE_NAME","SURVEY_ID","EVENT_DATE","SURVEY_SPECIES_ID","SPECIES_ID","SPECIES_NAME","LATIN_NAME","SPECIES_RUN_ID","RUN_NUMBER","BULK_MEASURED_ID","BULK_LENGTH_START","BULK_LENGTH_END","BULK_FISH_COUNT","BULK_FISH_WEIGHT","AGE_BAND"
"1",3712,"Owston Ferry",52158,2002-07-23,153286,241,"European eel","Anguilla anguilla",155163,2,70323,,,1,120,""
"2",3663,"Epperstone Wash Bridge",52164,2002-07-15,153326,241,"European eel","Anguilla anguilla",155239,1,62241,,,1,590,""
"3",3713,"A161 Road Bridge",52187,2002-07-25,153466,241,"European eel","Anguilla anguilla",155546,1,70322,,,7,1280,""
"4",5812,"Hardwick Ferry L/B",72171,2002-08-07,224620,194,"Roach","Rutilus rutilus",227220,1,37440,50,90,300,,""
"5",5812,"Hardwick Ferry L/B",72171,2002-08-07,224760,241,"European eel","Anguilla anguilla",227420,1,37460,,,1,80,""
"6",5812,"Hardwick Ferry L/B",76901,2003-06-24,248515,194,"Roach","Rutilus rutilus",270041,1,47970,50,120,423,,""
"7",3677,"Haxey Gate",78632,2003-10-28,257221,241,"European eel","Anguilla anguilla",285989,1,50346,,,1,620,""
"8",3722,"Epworth Road Bridge",79872,2004-04-07,265075,241,"European eel","Anguilla anguilla",299585,1,55872,,,2,400,""
"9",3614,"Ratcliffe on Soar",80378,2004-07-07,268052,241,"European eel","Anguilla anguilla",305683,1,56956,,,1,410,""
"10",3651,"Royal Avenue",80401,2004-07-12,268189,241,"European eel","Anguilla anguilla",305945,1,56655,,,1,1000,""
"11",3676,"Misterton Soss",82109,2004-09-13,277088,241,"European eel","Anguilla anguilla",322293,1,58466,,,4,1350,""
"12",3676,"Misterton Soss",82109,2004-09-13,277088,241,"European eel","Anguilla anguilla",322294,2,58467,,,4,650,""
"13",5812,"Hardwick Ferry L/B",82825,2004-06-22,281062,194,"Roach","Rutilus rutilus",329504,2,59341,50,100,110,,""
"14",5812,"Hardwick Ferry L/B",84878,2005-06-14,292340,194,"Roach","Rutilus rutilus",350105,1,63051,50,130,428,,""
"15",5812,"Hardwick Ferry L/B",84878,2005-06-14,292340,194,"Roach","Rutilus rutilus",350106,2,63058,50,130,352,,""
"16",5812,"Hardwick Ferry L/B",99953,2006-06-27,362242,199,"Silver bream","Abramis bjoerkna",440667,1,103168,50,125,198,,""
"17",5812,"Hardwick Ferry L/B",99953,2006-06-27,362245,182,"Common bream","Abramis brama",440673,1,103169,50,125,173,,""
"18",5812,"Hardwick Ferry L/B",99953,2006-06-27,362246,478,"Roach x common bream hybrid","Rutilus rutilus x Abramis brama",440675,1,103170,50,125,35,,""
"19",5812,"Hardwick Ferry L/B",99953,2006-06-27,362249,194,"Roach","Rutilus rutilus",440681,1,103171,50,125,1163,,""
"20",35051,"Toton - Top Main River",121700,2010-05-19,466036,284,"Minnow","Phoxinus phoxinus",616815,2,141936,,,46,,""
"21",35051,"Toton - Top Main River",121700,2010-05-19,466036,284,"Minnow","Phoxinus phoxinus",616816,3,141938,,,34,,""
"22",35051,"Toton - Top Main River",121700,2010-05-19,466038,193,"Gudgeon","Gobio gobio",616821,2,141937,,,15,,""
"23",35051,"Toton - Top Main River",121700,2010-05-19,466038,193,"Gudgeon","Gobio gobio",616822,3,141939,,,31,,""
"24",35052,"Toton - Top of Bypass Channel",121703,2010-05-19,466062,193,"Gudgeon","Gobio gobio",616873,1,141940,,,44,,""
"25",35052,"Toton - Top of Bypass Channel",121703,2010-05-19,466062,193,"Gudgeon","Gobio gobio",616874,2,141943,,,75,,""
"26",35052,"Toton - Top of Bypass Channel",121703,2010-05-19,466063,284,"Minnow","Phoxinus phoxinus",616875,1,141941,,,40,,""
"27",35052,"Toton - Top of Bypass Channel",121703,2010-05-19,466063,284,"Minnow","Phoxinus phoxinus",616876,2,141944,,,47,,""
"28",3564,"Nooning Lane",122567,2010-07-01,472808,284,"Minnow","Phoxinus phoxinus",625580,1,142758,,,77,,""
"29",3564,"Nooning Lane",122567,2010-07-01,472808,284,"Minnow","Phoxinus phoxinus",625581,2,142761,,,7,,""
"30",41327,"Nooning Lane Net",124238,2010-09-29,481074,284,"Minnow","Phoxinus phoxinus",639823,1,144645,,,635,,""
"31",36189,"North Clifton Net",124495,2010-10-19,482313,153,"Dace","Leuciscus leuciscus",642201,1,145116,,,45,,""
"32",34662,"Stoke Bardolph Net",124499,2010-10-14,482348,284,"Minnow","Phoxinus phoxinus",642236,1,145123,,,240,,""
"33",34662,"Stoke Bardolph Net",124499,2010-10-14,482352,193,"Gudgeon","Gobio gobio",642240,1,145124,,,7,,""
"34",3670,"Cottam Gauging Station",126326,2011-05-24,491400,284,"Minnow","Phoxinus phoxinus",655250,1,147759,,,60,,""
"35",3670,"Cottam Gauging Station",126326,2011-05-24,491400,284,"Minnow","Phoxinus phoxinus",655251,2,147762,,,14,,""
"36",3670,"Cottam Gauging Station",126326,2011-05-24,491403,283,"Bullhead","Cottus gobio",655259,1,147760,,,35,,""
"37",3670,"Cottam Gauging Station",126326,2011-05-24,491403,283,"Bullhead","Cottus gobio",655260,2,147763,,,6,,""
"38",3670,"Cottam Gauging Station",126326,2011-05-24,491404,286,"Stone loach","Barbatula barbatula",655262,1,147761,,,3,,""
"39",3659,"Q.M.C.",126852,2011-07-06,494521,286,"Stone loach","Barbatula barbatula",659938,1,148382,,,17,,""
"40",38968,"Grange Farm",127694,2011-09-02,499765,284,"Minnow","Phoxinus phoxinus",668000,1,150023,,,263,,""
"41",38968,"Grange Farm",127694,2011-09-02,499765,284,"Minnow","Phoxinus phoxinus",668001,2,150027,,,155,,""
"42",38968,"Grange Farm",127694,2011-09-02,499768,281,"3-spined stickleback","Gasterosteus aculeatus",668006,1,150024,,,16,,""
"43",38968,"Grange Farm",127694,2011-09-02,499768,281,"3-spined stickleback","Gasterosteus aculeatus",668007,2,150028,,,31,,""
"44",38968,"Grange Farm",127694,2011-09-02,499769,283,"Bullhead","Cottus gobio",668008,1,150025,,,21,,""
"45",38968,"Grange Farm",127694,2011-09-02,499769,283,"Bullhead","Cottus gobio",668009,2,150029,,,35,,""
"46",38968,"Grange Farm",127694,2011-09-02,499770,285,"Spined loach","Cobitis taenia",668010,1,150026,,,11,,""
"47",38968,"Grange Farm",127694,2011-09-02,499770,285,"Spined loach","Cobitis taenia",668011,2,150030,,,7,,""
"48",38968,"Grange Farm",127694,2011-09-02,499771,282,"10-spined stickleback","Pungitius pungitius",668013,2,150031,,,1,,""
"49",34662,"Stoke Bardolph Net",128080,2011-09-21,501682,284,"Minnow","Phoxinus phoxinus",670997,1,150475,,,1622,,""
"50",34662,"Stoke Bardolph Net",128080,2011-09-21,501683,194,"Roach","Rutilus rutilus",670998,1,150476,,,93,,""
"51",34661,"Colwick Marina Net",128081,2011-09-21,501701,194,"Roach","Rutilus rutilus",671016,1,150477,,,1648,,""
"52",39786,"Sawley Weir Net",128377,2011-10-07,503234,284,"Minnow","Phoxinus phoxinus",673169,1,150769,,,194,,""
"53",39787,"Muskham Bridge Net",128379,2011-10-07,503251,284,"Minnow","Phoxinus phoxinus",673186,1,150773,,,327,,""
"54",39787,"Muskham Bridge Net",128379,2011-10-07,503252,194,"Roach","Rutilus rutilus",673187,1,150788,,,60,,""
"55",39787,"Muskham Bridge Net",128379,2011-10-07,503254,152,"Chub","Leuciscus cephalus",673189,1,150789,,,52,,""
"56",39987,"US Sluices",128487,2011-10-12,503926,152,"Chub","Leuciscus cephalus",674107,1,150908,,,35,,""
"57",39987,"US Sluices",128487,2011-10-12,503926,152,"Chub","Leuciscus cephalus",674108,2,150911,,,63,,""
"58",39987,"US Sluices",128487,2011-10-12,503927,153,"Dace","Leuciscus leuciscus",674109,1,150909,,,177,,""
"59",39987,"US Sluices",128487,2011-10-12,503927,153,"Dace","Leuciscus leuciscus",674110,2,150912,,,101,,""
"60",41976,"Radcliffe on Trent",133143,2012-08-23,526492,283,"Bullhead","Cottus gobio",703887,1,158324,,,54,,""
"61",3656,"Clifton, Green Lane",132368,2012-06-18,528727,283,"Bullhead","Cottus gobio",706917,1,158761,,,32,,""
"62",3656,"Clifton, Green Lane",132368,2012-06-18,528727,283,"Bullhead","Cottus gobio",706918,2,158764,,,39,,""
"63",3656,"Clifton, Green Lane",132368,2012-06-18,528737,281,"3-spined stickleback","Gasterosteus aculeatus",706928,1,158762,,,1,,""
"64",3656,"Clifton, Green Lane",132368,2012-06-18,528739,286,"Stone loach","Barbatula barbatula",706932,1,158763,,,33,,""
"65",3656,"Clifton, Green Lane",132368,2012-06-18,528739,286,"Stone loach","Barbatula barbatula",706933,2,158768,,,6,,""
"66",36189,"North Clifton Net",134361,2012-10-10,532274,194,"Roach","Rutilus rutilus",712148,1,159597,,,232,,""
"67",36189,"North Clifton Net",134361,2012-10-10,532275,181,"Bleak","Alburnus alburnus",712149,1,159600,,,1,,""
"68",36189,"North Clifton Net",134361,2012-10-10,532276,152,"Chub","Leuciscus cephalus",712150,1,159598,,,62,,""
"69",36189,"North Clifton Net",134361,2012-10-10,532277,284,"Minnow","Phoxinus phoxinus",712151,1,159599,,,5,,""
"70",34662,"Stoke Bardolph Net",134425,2012-10-03,532767,153,"Dace","Leuciscus leuciscus",712942,1,159705,,,31,,""
"71",34661,"Colwick Marina Net",134707,2012-10-19,534033,194,"Roach","Rutilus rutilus",714522,1,160098,,,547,,""
"72",34661,"Colwick Marina Net",134707,2012-10-19,534040,478,"Roach x common bream hybrid","Rutilus rutilus x Abramis brama",714529,1,160099,,,3,,""
"73",41327,"Nooning Lane Net",135185,2012-07-26,536414,284,"Minnow","Phoxinus phoxinus",717703,1,161074,,,216,,""
"74",41973,"Kneeton Net",135219,2012-10-03,536584,284,"Minnow","Phoxinus phoxinus",717973,1,161129,,,187,,""
"75",3614,"Ratcliffe on Soar",135851,2013-04-10,546098,284,"Minnow","Phoxinus phoxinus",729132,2,163648,,,7,,""
"76",3670,"Cottam Gauging Station",136054,2013-05-08,548038,284,"Minnow","Phoxinus phoxinus",732071,1,164058,,,89,,""
"77",3670,"Cottam Gauging Station",136054,2013-05-08,548038,284,"Minnow","Phoxinus phoxinus",732072,2,164061,,,28,,""
"78",3670,"Cottam Gauging Station",136054,2013-05-08,548038,284,"Minnow","Phoxinus phoxinus",732073,3,164065,,,5,,""
"79",3670,"Cottam Gauging Station",136054,2013-05-08,548039,283,"Bullhead","Cottus gobio",732074,1,164059,,,73,,""
"80",3670,"Cottam Gauging Station",136054,2013-05-08,548039,283,"Bullhead","Cottus gobio",732075,2,164063,,,38,,""
"81",3670,"Cottam Gauging Station",136054,2013-05-08,548039,283,"Bullhead","Cottus gobio",732076,3,164066,,,19,,""
"82",3670,"Cottam Gauging Station",136054,2013-05-08,548042,286,"Stone loach","Barbatula barbatula",732083,1,164060,,,66,,""
"83",3670,"Cottam Gauging Station",136054,2013-05-08,548042,286,"Stone loach","Barbatula barbatula",732084,2,164064,,,36,,""
"84",3670,"Cottam Gauging Station",136054,2013-05-08,548042,286,"Stone loach","Barbatula barbatula",732085,3,164068,,,6,,""
"85",3651,"Royal Avenue",136339,2013-05-03,549919,283,"Bullhead","Cottus gobio",734732,2,164509,,,6,,""
"86",3651,"Royal Avenue",136339,2013-05-03,549922,284,"Minnow","Phoxinus phoxinus",734737,1,164508,,,50,,""
"87",3651,"Royal Avenue",136339,2013-05-03,549922,284,"Minnow","Phoxinus phoxinus",734738,2,164510,,,89,,""
"88",3651,"Royal Avenue",136339,2013-05-03,549927,286,"Stone loach","Barbatula barbatula",734748,2,164516,,,8,,""
"89",41978,"Hawton",137266,2013-05-08,554278,286,"Stone loach","Barbatula barbatula",740887,1,165778,,,108,,""
"90",41978,"Hawton",137266,2013-05-08,554280,281,"3-spined stickleback","Gasterosteus aculeatus",740889,1,165779,,,50,,""
"91",41978,"Hawton",137266,2013-05-08,554281,285,"Spined loach","Cobitis taenia",740890,1,165780,,,25,,""
"92",3666,"Southwell",139616,2013-06-07,566877,286,"Stone loach","Barbatula barbatula",758372,1,169405,,,1,,""
"93",3666,"Southwell",139616,2013-06-07,566877,286,"Stone loach","Barbatula barbatula",758373,2,169406,,,1,,""
"94",41974,"Farndon Net",139795,2013-10-01,568429,194,"Roach","Rutilus rutilus",760510,1,169906,,,48,,""
"95",41974,"Farndon Net",139795,2013-10-01,568432,193,"Gudgeon","Gobio gobio",760513,1,169907,,,11,,""
"96",41973,"Kneeton Net",139803,2013-09-30,568561,193,"Gudgeon","Gobio gobio",760694,1,169932,,,616,,""
"97",41973,"Kneeton Net",139803,2013-09-30,568562,153,"Dace","Leuciscus leuciscus",760695,1,169933,,,15,,""
"98",39786,"Sawley Weir Net",139806,2013-09-30,568654,153,"Dace","Leuciscus leuciscus",760787,1,169968,,,208,,""
"99",39786,"Sawley Weir Net",139806,2013-09-30,568656,284,"Minnow","Phoxinus phoxinus",760789,1,169969,,,2,,""
"100",36189,"North Clifton Net",139819,2013-09-18,568663,152,"Chub","Leuciscus cephalus",760796,1,169971,,,77,,""
"101",37787,"Girton",139881,2013-06-07,569252,284,"Minnow","Phoxinus phoxinus",761449,1,170108,,,23,,""
"102",37787,"Girton",139881,2013-06-07,569252,284,"Minnow","Phoxinus phoxinus",761450,2,170125,,,3,,""
"103",37787,"Girton",139881,2013-06-07,569254,285,"Spined loach","Cobitis taenia",761455,1,170110,,,1,,""
"104",37787,"Girton",139881,2013-06-07,569257,152,"Chub","Leuciscus cephalus",761464,1,170112,,,1,,""
"105",37787,"Girton",139881,2013-06-07,569258,286,"Stone loach","Barbatula barbatula",761468,2,170129,,,4,,""
"106",34662,"Stoke Bardolph Net",139895,2013-09-17,569375,284,"Minnow","Phoxinus phoxinus",761608,1,170167,,,89,,""
"107",34661,"Colwick Marina Net",139903,2013-09-17,569454,194,"Roach","Rutilus rutilus",761707,1,170194,,,1622,,""
"108",34661,"Colwick Marina Net",139903,2013-09-17,569455,153,"Dace","Leuciscus leuciscus",761708,1,170198,,,361,,""
"109",34661,"Colwick Marina Net",139903,2013-09-17,569456,152,"Chub","Leuciscus cephalus",761709,1,170199,,,59,,""
"110",34661,"Colwick Marina Net",139903,2013-09-17,569458,284,"Minnow","Phoxinus phoxinus",761711,1,170200,,,7,,""
"111",55946,"Brownlow Arms",141456,2014-06-16,589155,284,"Minnow","Phoxinus phoxinus",784768,1,174525,,,16,,""
"112",56363,"Kirklington",142256,2014-07-29,600975,283,"Bullhead","Cottus gobio",797888,1,178135,,,11,,""
"113",56363,"Kirklington",142256,2014-07-29,600976,286,"Stone loach","Barbatula barbatula",797889,1,178136,,,1,,""
"114",3666,"Southwell",142257,2014-07-29,601015,281,"3-spined stickleback","Gasterosteus aculeatus",797928,1,178145,,,1,,""
"115",3666,"Southwell",142257,2014-07-29,601016,286,"Stone loach","Barbatula barbatula",797929,1,178146,,,3,,""
"116",3564,"Nooning Lane",142947,2014-09-17,607515,284,"Minnow","Phoxinus phoxinus",805828,1,179895,,,154,,""
"117",3564,"Nooning Lane",142947,2014-09-17,607523,283,"Bullhead","Cottus gobio",805836,1,179896,,,3,,""
"118",41974,"Farndon Net",142860,2014-09-11,610964,194,"Roach","Rutilus rutilus",809917,1,180726,,,5,,""
"119",41973,"Kneeton Net",144238,2014-09-12,618144,153,"Dace","Leuciscus leuciscus",818645,1,183264,,,39,,""
"120",56105,"Holme Net",144240,2014-09-22,618158,284,"Minnow","Phoxinus phoxinus",818671,1,183265,,,52,,""
"121",56105,"Holme Net",144242,2014-09-23,618171,194,"Roach","Rutilus rutilus",818684,1,183275,,,9,,""
"122",34661,"Colwick Marina Net",142858,2014-09-04,618211,194,"Roach","Rutilus rutilus",818757,1,183295,,,90,,""
"123",34662,"Stoke Bardolph Net",144248,2014-09-04,618254,152,"Chub","Leuciscus cephalus",818807,1,183305,,,161,,""
"124",34662,"Stoke Bardolph Net",144248,2014-09-04,618256,284,"Minnow","Phoxinus phoxinus",818809,1,183306,,,92,,""
"125",34662,"Stoke Bardolph Net",144248,2014-09-04,618257,193,"Gudgeon","Gobio gobio",818810,1,183307,,,33,,""
"126",61565,"Southwell Gauging Station",144269,2014-07-29,618442,283,"Bullhead","Cottus gobio",819035,1,183366,,,16,,""
"127",61565,"Southwell Gauging Station",144269,2014-07-29,618443,286,"Stone loach","Barbatula barbatula",819036,1,183367,,,25,,""
"128",61564,"Halam",144279,2014-07-29,618537,281,"3-spined stickleback","Gasterosteus aculeatus",819173,1,183407,,,2,,""
"129",61564,"Halam",144279,2014-07-29,618539,283,"Bullhead","Cottus gobio",819175,1,183408,,,6,,""
"130",3670,"Cottam Gauging Station",145263,2015-06-02,629279,284,"Minnow","Phoxinus phoxinus",833397,1,185785,,,87,,""
"131",3670,"Cottam Gauging Station",145263,2015-06-02,629279,284,"Minnow","Phoxinus phoxinus",833398,2,185788,,,37,,""
"132",3670,"Cottam Gauging Station",145263,2015-06-02,629280,283,"Bullhead","Cottus gobio",833399,1,185786,,,23,,""
"133",3670,"Cottam Gauging Station",145263,2015-06-02,629280,283,"Bullhead","Cottus gobio",833400,2,185789,,,12,,""
"134",3670,"Cottam Gauging Station",145263,2015-06-02,629283,286,"Stone loach","Barbatula barbatula",833405,1,185787,,,3,,""
"135",3670,"Cottam Gauging Station",145263,2015-06-02,629283,286,"Stone loach","Barbatula barbatula",833406,2,185790,,,5,,""
"136",37787,"Girton",145280,2015-06-25,631799,194,"Roach","Rutilus rutilus",836352,1,186543,,,105,,""
"137",64649,"Old Hall Farm",145847,2015-07-07,631957,283,"Bullhead","Cottus gobio",836570,1,186586,,,8,,""
"138",64649,"Old Hall Farm",145847,2015-07-07,631958,286,"Stone loach","Barbatula barbatula",836571,1,186587,,,46,,""
"139",64649,"Old Hall Farm",145847,2015-07-07,631959,284,"Minnow","Phoxinus phoxinus",836572,1,186588,,,15,,""
"140",64649,"Old Hall Farm",145847,2015-07-07,631960,285,"Spined loach","Cobitis taenia",836573,1,186589,,,8,,""
"141",64649,"Old Hall Farm",145847,2015-07-07,631962,281,"3-spined stickleback","Gasterosteus aculeatus",836575,1,186590,,,2,,""
"142",41973,"Kneeton Net",147252,2015-09-23,639246,153,"Dace","Leuciscus leuciscus",846359,1,188792,,,58,,""
"143",34661,"Colwick Marina Net",147267,2015-09-23,639769,194,"Roach","Rutilus rutilus",847082,1,188997,,,158,,""
"144",34662,"Stoke Bardolph Net",147373,2015-09-23,639900,153,"Dace","Leuciscus leuciscus",847261,1,189017,,,71,,""
"145",41974,"Farndon Net",147397,2015-10-08,640897,182,"Common bream","Abramis brama",848630,1,189148,,,20,,""
"146",41974,"Farndon Net",147397,2015-10-08,640898,194,"Roach","Rutilus rutilus",848631,1,189149,,,68,,""
"147",36189,"North Clifton Net",147572,2015-10-16,641640,152,"Chub","Leuciscus cephalus",849493,1,189489,,,17,,""
"148",36189,"North Clifton Net",147572,2015-10-16,641642,181,"Bleak","Alburnus alburnus",849495,1,189490,,,17,,""
"149",65724,"Caunton",147608,2015-09-22,641957,111,"Brown / sea trout","Salmo trutta",849810,1,189538,,,30,,""
"150",65724,"Caunton",147608,2015-09-22,641958,242,"European eels > elvers","Anguilla anguilla",849811,1,189539,,,9,,""
"151",65724,"Caunton",147608,2015-09-22,641959,283,"Bullhead","Cottus gobio",849812,1,189540,,,1,,""
"152",39786,"Sawley Weir Net",147556,2015-09-28,641999,284,"Minnow","Phoxinus phoxinus",849852,1,189547,,,18,,""
"153",66288,"Fiskerton Mill",148005,2016-05-11,645699,283,"Bullhead","Cottus gobio",854412,1,190207,,,9,,""
"154",67443,"Erewash Confluence",148453,2016-07-13,648984,242,"European eels > elvers","Anguilla anguilla",859621,1,190877,,,2,,""
"155",3614,"Ratcliffe on Soar",148629,2016-07-22,649738,283,"Bullhead","Cottus gobio",860632,1,191027,,,9,,""
"156",3614,"Ratcliffe on Soar",148629,2016-07-22,649738,283,"Bullhead","Cottus gobio",860633,2,191029,,,17,,""
"157",3614,"Ratcliffe on Soar",148629,2016-07-22,649741,284,"Minnow","Phoxinus phoxinus",860638,1,191028,,,4,,""
"158",56084,"Redhill Marina",148828,2016-08-04,650660,181,"Bleak","Alburnus alburnus",861966,1,191251,,,6,,""
"159",56084,"Redhill Marina",148828,2016-08-04,650661,153,"Dace","Leuciscus leuciscus",861967,1,191252,,,135,,""
"160",56084,"Redhill Marina",148828,2016-08-04,650662,284,"Minnow","Phoxinus phoxinus",861968,1,191254,,,113,,""
"161",41973,"Kneeton Net",149254,2016-09-13,653020,182,"Common bream","Abramis brama",865273,1,191704,,,1106,,""
"162",41973,"Kneeton Net",149254,2016-09-13,653021,153,"Dace","Leuciscus leuciscus",865274,1,191705,,,1196,,""
"163",41973,"Kneeton Net",149254,2016-09-13,653022,193,"Gudgeon","Gobio gobio",865275,1,191706,,,945,,""
"164",41973,"Kneeton Net",149254,2016-09-13,653024,194,"Roach","Rutilus rutilus",865277,1,191707,,,1239,,""
"165",34661,"Colwick Marina Net",149255,2016-09-13,653026,194,"Roach","Rutilus rutilus",865279,1,191708,,,155,,""
"166",34661,"Colwick Marina Net",149255,2016-09-13,653027,182,"Common bream","Abramis brama",865280,1,191709,,,94,,""
"167",34662,"Stoke Bardolph Net",149270,2016-09-15,653105,153,"Dace","Leuciscus leuciscus",865358,1,191739,,,242,,""
"168",34662,"Stoke Bardolph Net",149270,2016-09-15,653107,193,"Gudgeon","Gobio gobio",865360,1,191740,,,102,,""
"169",34662,"Stoke Bardolph Net",149270,2016-09-15,653110,284,"Minnow","Phoxinus phoxinus",865363,1,191741,,,97,,""
"170",39786,"Sawley Weir Net",149277,2016-09-15,653132,153,"Dace","Leuciscus leuciscus",865391,1,191744,,,268,,""
"171",39787,"Muskham Bridge Net",149399,2016-09-22,653945,284,"Minnow","Phoxinus phoxinus",866672,1,191937,,,20,,""
"172",39787,"Muskham Bridge Net",149399,2016-09-22,653945,284,"Minnow","Phoxinus phoxinus",866681,2,191938,,,35,,""
"173",56105,"Holme Net",149643,2016-10-11,655423,153,"Dace","Leuciscus leuciscus",868616,1,192337,,,106,,""
"174",56105,"Holme Net",149643,2016-10-11,655424,152,"Chub","Leuciscus cephalus",868617,1,192338,,,256,,""
"175",56105,"Holme Net",149643,2016-10-11,655426,284,"Minnow","Phoxinus phoxinus",868619,1,192339,,,48,,""
"176",68606,"Halls Pond, Balderton",150215,2014-11-20,659003,211,"Perch","Perca fluviatilis",873296,1,193050,,,581,,""
"177",68606,"Halls Pond, Balderton",150215,2014-11-20,659004,194,"Roach","Rutilus rutilus",873297,1,193051,,,1184,,""
"178",68608,"Grange Pond, Long Eaton",150217,2014-04-02,659016,182,"Common bream","Abramis brama",873309,1,193057,,,67,,""
"179",68608,"Grange Pond, Long Eaton",150217,2014-04-02,659019,194,"Roach","Rutilus rutilus",873312,1,193058,,,514,,""
"180",68609,"Kingfisher, South Mskham",150218,2014-11-27,659020,184,"Common [wild] carp","Cyprinus carpio",873313,1,193059,,,77,,""
"181",68609,"Kingfisher, South Mskham",150218,2014-11-27,659021,188,"Mirror carp","Cyprinus carpio",873314,1,193060,,,5,,""
"182",68609,"Kingfisher, South Mskham",150218,2014-11-27,659023,211,"Perch","Perca fluviatilis",873316,1,193061,,,94,,""
"183",37787,"Girton",150427,2017-05-24,661592,242,"European eels > elvers","Anguilla anguilla",876780,1,193497,,,5,,""
"184",3670,"Cottam Gauging Station",150685,2017-06-27,663672,284,"Minnow","Phoxinus phoxinus",879600,1,193867,,,149,,""
"185",3670,"Cottam Gauging Station",150685,2017-06-27,663673,283,"Bullhead","Cottus gobio",879601,1,193868,,,56,,""
"186",3670,"Cottam Gauging Station",150685,2017-06-27,663680,242,"European eels > elvers","Anguilla anguilla",879608,1,193869,,,1,,""
"187",3564,"Nooning Lane",151011,2017-07-25,665732,284,"Minnow","Phoxinus phoxinus",882240,1,194477,,,200,,""
"188",3564,"Nooning Lane",151011,2017-07-25,665733,283,"Bullhead","Cottus gobio",882241,1,194478,,,21,,""
"189",3564,"Nooning Lane",151011,2017-07-25,665735,286,"Stone loach","Barbatula barbatula",882243,1,194479,,,27,,""
"190",3564,"Nooning Lane",151306,2017-08-24,667522,284,"Minnow","Phoxinus phoxinus",884851,1,194977,,,607,,""
"191",34661,"Colwick Marina Net",151621,2017-09-14,669378,153,"Dace","Leuciscus leuciscus",887544,1,195381,,,27,,""
"192",34661,"Colwick Marina Net",151621,2017-09-14,669385,193,"Gudgeon","Gobio gobio",887551,1,195382,,,53,,""
"193",34662,"Stoke Bardolph Net",151868,2017-10-05,670872,153,"Dace","Leuciscus leuciscus",889880,1,195747,,,395,,""
"194",34662,"Stoke Bardolph Net",151868,2017-10-05,670873,284,"Minnow","Phoxinus phoxinus",889881,1,195748,,,220,,""
"195",56105,"Holme Net",151870,2017-10-05,670891,153,"Dace","Leuciscus leuciscus",889919,1,195749,,,145,,""
"196",41973,"Kneeton Net",151872,2017-10-06,670918,182,"Common bream","Abramis brama",889968,1,195757,,,53,,""
"197",41973,"Kneeton Net",151872,2017-10-06,670919,153,"Dace","Leuciscus leuciscus",889969,1,195758,,,439,,""
"198",41973,"Kneeton Net",151872,2017-10-06,670920,194,"Roach","Rutilus rutilus",889970,1,195759,,,86,,""
"199",41973,"Kneeton Net",151872,2017-10-06,670923,284,"Minnow","Phoxinus phoxinus",889973,1,195760,,,1,,""
"200",41974,"Farndon Net",151882,2017-10-09,671033,193,"Gudgeon","Gobio gobio",890135,1,195777,,,2,,""
"201",39787,"Muskham Bridge Net",151958,2017-10-13,671492,153,"Dace","Leuciscus leuciscus",890740,1,195937,,,28,,""
"202",39787,"Muskham Bridge Net",151958,2017-10-13,671493,194,"Roach","Rutilus rutilus",890741,1,195938,,,72,,""
"203",39787,"Muskham Bridge Net",151958,2017-10-13,671496,284,"Minnow","Phoxinus phoxinus",890744,1,195939,,,485,,""
"204",36189,"North Clifton Net",151959,2017-10-13,671509,153,"Dace","Leuciscus leuciscus",890779,1,195940,,,95,,""
"205",36189,"North Clifton Net",151959,2017-10-13,671510,194,"Roach","Rutilus rutilus",890780,1,195941,,,15,,""
"206",36189,"North Clifton Net",151959,2017-10-13,671511,152,"Chub","Leuciscus cephalus",890781,1,195942,,,130,,""
"207",39786,"Sawley Weir Net",151969,2017-10-12,671563,284,"Minnow","Phoxinus phoxinus",890831,1,195953,,,55,,""
"208",71144,"Dunham Bridge",152645,2018-06-08,676195,241,"European eel","Anguilla anguilla",897323,1,196797,,,1,,""
"209",71144,"Dunham Bridge",152645,2018-06-08,676196,285,"Spined loach","Cobitis taenia",897324,1,196798,,,3,,""
"210",71146,"East Ferry",152646,2018-06-13,676197,213,"Pike","Esox lucius",897335,1,196800,,,3,,""
"211",71146,"East Ferry",152646,2018-06-13,676198,286,"Stone loach","Barbatula barbatula",897336,1,196801,,,1,,""
"212",71384,"DS Hazelford Weir",153129,2018-08-24,679174,153,"Dace","Leuciscus leuciscus",901542,1,197303,,,98,,""
"213",71385,"Nabbs Island",153133,2018-08-24,679189,153,"Dace","Leuciscus leuciscus",901580,1,197316,,,45,,""
"214",71385,"Nabbs Island",153133,2018-08-24,679191,284,"Minnow","Phoxinus phoxinus",901582,1,197317,,,19,,""
"215",34661,"Colwick Marina Net",153533,2018-10-03,681592,194,"Roach","Rutilus rutilus",904720,1,197797,,,933,,""
"216",34661,"Colwick Marina Net",153533,2018-10-03,681594,182,"Common bream","Abramis brama",904722,1,197798,,,161,,""
"217",34661,"Colwick Marina Net",153533,2018-10-03,681595,153,"Dace","Leuciscus leuciscus",904723,1,197799,,,80,,""
"218",34662,"Stoke Bardolph Net",153534,2018-10-03,681599,153,"Dace","Leuciscus leuciscus",904727,1,197800,,,96,,""
"219",39786,"Sawley Weir Net",153579,2018-10-04,681767,153,"Dace","Leuciscus leuciscus",904911,1,197974,,,799,,""
"220",41974,"Farndon Net",153632,2018-10-09,682117,194,"Roach","Rutilus rutilus",905401,1,198159,,,2,,""
"221",39787,"Muskham Bridge Net",153642,2018-10-09,682172,152,"Chub","Leuciscus cephalus",905499,1,198170,,,616,,""
"222",39787,"Muskham Bridge Net",153642,2018-10-09,682175,194,"Roach","Rutilus rutilus",905502,1,198171,,,817,,""
"223",39787,"Muskham Bridge Net",153642,2018-10-09,682176,193,"Gudgeon","Gobio gobio",905503,1,198172,,,298,,""
"224",39787,"Muskham Bridge Net",153642,2018-10-09,682177,181,"Bleak","Alburnus alburnus",905504,1,198173,,,179,,""
"225",39787,"Muskham Bridge Net",153642,2018-10-09,682178,284,"Minnow","Phoxinus phoxinus",905505,1,198174,,,552,,""
"226",41973,"Kneeton Net",153698,2018-10-11,682412,153,"Dace","Leuciscus leuciscus",905800,1,198437,,,324,,""
"227",41973,"Kneeton Net",153698,2018-10-11,682416,193,"Gudgeon","Gobio gobio",905804,1,198438,,,40,,""
"228",56105,"Holme Net",153703,2018-10-11,682444,153,"Dace","Leuciscus leuciscus",905856,1,198446,,,56,,""
"229",3651,"Royal Avenue",154421,2019-04-17,687653,284,"Minnow","Phoxinus phoxinus",912622,1,199287,,,41,,""
"230",3651,"Royal Avenue",154421,2019-04-17,687655,283,"Bullhead","Cottus gobio",912624,1,199288,,,11,,""
"231",3651,"Royal Avenue",154421,2019-04-17,687656,286,"Stone loach","Barbatula barbatula",912625,1,199289,,,54,,""
"232",3651,"Royal Avenue",154421,2019-04-17,687657,242,"European eels > elvers","Anguilla anguilla",912626,1,199290,,,1,,""
"233",37787,"Girton",154509,2019-05-22,688524,283,"Bullhead","Cottus gobio",914053,1,199397,,,1,,""
"234",37787,"Girton",154509,2019-05-22,688524,283,"Bullhead","Cottus gobio",914054,2,199398,,,2,,""
"235",34662,"Stoke Bardolph Net",160234,2021-09-21,709893,153,"Dace","Leuciscus leuciscus",941921,1,204347,,,231,,""
"236",34662,"Stoke Bardolph Net",160234,2021-09-21,709898,193,"Gudgeon","Gobio gobio",941926,1,204348,,,934,,""
"237",41974,"Farndon Net",160235,2021-09-21,709901,194,"Roach","Rutilus rutilus",941929,1,204349,,,42,,""
"238",41974,"Farndon Net",160235,2021-09-21,709904,153,"Dace","Leuciscus leuciscus",941932,1,204350,,,4,,""
"239",3614,"Ratcliffe on Soar",161079,2022-06-29,717181,213,"Pike","Esox lucius",951201,1,205822,,,1,,""
"240",3614,"Ratcliffe on Soar",161079,2022-06-29,717184,284,"Minnow","Phoxinus phoxinus",951204,1,205823,,,1000,,""
"241",3614,"Ratcliffe on Soar",161079,2022-06-29,717185,283,"Bullhead","Cottus gobio",951205,1,205824,,,50,,""
"242",3614,"Ratcliffe on Soar",161079,2022-06-29,717186,286,"Stone loach","Barbatula barbatula",951206,1,205825,,,50,,""
"243",3659,"Q.M.C.",161320,2022-07-29,718826,283,"Bullhead","Cottus gobio",953628,1,206281,,,500,,""
"244",3659,"Q.M.C.",161320,2022-07-29,718827,284,"Minnow","Phoxinus phoxinus",953630,1,206283,,,50,,""
"245",3659,"Q.M.C.",161320,2022-07-29,718828,286,"Stone loach","Barbatula barbatula",953632,1,206282,,,500,,""
"246",3659,"Q.M.C.",161320,2022-07-29,718829,281,"3-spined stickleback","Gasterosteus aculeatus",953634,1,206280,,,300,,""
"247",39786,"Sawley Weir Net",161581,2022-09-20,720214,153,"Dace","Leuciscus leuciscus",955422,1,206657,,,32,,""
"248",39786,"Sawley Weir Net",161581,2022-09-20,720215,193,"Gudgeon","Gobio gobio",955423,1,206658,,,52,,""
"249",39786,"Sawley Weir Net",161581,2022-09-20,720216,284,"Minnow","Phoxinus phoxinus",955424,1,206659,,,1,,""
"250",34661,"Colwick Marina Net",161583,2022-09-22,720229,194,"Roach","Rutilus rutilus",955437,1,206663,,,287,,""
"251",34661,"Colwick Marina Net",161583,2022-09-22,720235,282,"10-spined stickleback","Pungitius pungitius",955443,1,206664,,,3,,""
"252",34661,"Colwick Marina Net",161583,2022-09-22,720236,281,"3-spined stickleback","Gasterosteus aculeatus",955444,1,206665,,,1,,""
"253",34661,"Colwick Marina Net",161583,2022-09-22,720238,285,"Spined loach","Cobitis taenia",955446,1,206666,,,1,,""
"254",34661,"Colwick Marina Net",161583,2022-09-22,720239,283,"Bullhead","Cottus gobio",955447,1,206667,,,1,,""
"255",34662,"Stoke Bardolph Net",161586,2022-09-22,720249,194,"Roach","Rutilus rutilus",955465,1,206668,,,275,,""
"256",34662,"Stoke Bardolph Net",161586,2022-09-22,720250,153,"Dace","Leuciscus leuciscus",955466,1,206669,,,151,,""
"257",34662,"Stoke Bardolph Net",161586,2022-09-22,720251,193,"Gudgeon","Gobio gobio",955467,1,206670,,,155,,""
"258",34662,"Stoke Bardolph Net",161586,2022-09-22,720256,284,"Minnow","Phoxinus phoxinus",955472,1,206671,,,247,,""
"259",41974,"Farndon Net",161626,2022-09-28,720491,193,"Gudgeon","Gobio gobio",955719,1,206727,,,98,,""
"260",39787,"Muskham Bridge Net",161628,2022-09-29,720503,284,"Minnow","Phoxinus phoxinus",955740,1,206728,,,2261,,""
"261",39787,"Muskham Bridge Net",161628,2022-09-29,720504,153,"Dace","Leuciscus leuciscus",955741,1,206729,,,53,,""
"262",56105,"Holme Net",161629,2022-09-29,720511,153,"Dace","Leuciscus leuciscus",955748,1,206730,,,116,,""
"263",56105,"Holme Net",161629,2022-09-29,720512,194,"Roach","Rutilus rutilus",955749,1,206731,,,926,,""
"264",56105,"Holme Net",161629,2022-09-29,720514,193,"Gudgeon","Gobio gobio",955751,1,206732,,,24,,""
"265",56105,"Holme Net",161629,2022-09-29,720519,284,"Minnow","Phoxinus phoxinus",955756,1,206733,,,2,,""
"266",56105,"Holme Net",161629,2022-09-29,720520,283,"Bullhead","Cottus gobio",955757,1,206734,,,1,,""
"267",41973,"Kneeton Net",161674,2022-09-29,720715,194,"Roach","Rutilus rutilus",956073,1,206761,,,2308,,""
"268",41973,"Kneeton Net",161674,2022-09-29,720716,153,"Dace","Leuciscus leuciscus",956074,1,206768,,,1444,,""
"269",41973,"Kneeton Net",161674,2022-09-29,720717,193,"Gudgeon","Gobio gobio",956075,1,206767,,,370,,""
"270",41973,"Kneeton Net",161674,2022-09-29,720718,182,"Common bream","Abramis brama",956076,1,206771,,,60,,""
"271",41973,"Kneeton Net",161674,2022-09-29,720719,181,"Bleak","Alburnus alburnus",956077,1,206772,,,20,,""
"272",41973,"Kneeton Net",161674,2022-09-29,720720,284,"Minnow","Phoxinus phoxinus",956078,1,206769,,,616,,""
"273",41973,"Kneeton Net",161674,2022-09-29,720722,211,"Perch","Perca fluviatilis",956080,1,206770,,,25,,""
"274",56084,"Redhill Marina",161981,2022-10-11,722538,284,"Minnow","Phoxinus phoxinus",958668,1,207189,,,46,,""
"275",56084,"Redhill Marina",161981,2022-10-11,722541,283,"Bullhead","Cottus gobio",958671,1,207190,,,1,,""
"276",36189,"North Clifton Net",162246,2022-10-06,724547,194,"Roach","Rutilus rutilus",961939,1,207577,,,192,,""
"277",37787,"Girton",162454,2023-06-20,726158,194,"Roach","Rutilus rutilus",964492,1,207937,,,11,,""
"278",37787,"Girton",162454,2023-06-20,726159,285,"Spined loach","Cobitis taenia",964493,1,207938,,,1,,""
"279",34662,"Stoke Bardolph Net",163747,2023-09-25,732838,193,"Gudgeon","Gobio gobio",974133,1,209292,,,5,,""
"280",41974,"Farndon Net",163751,2023-09-25,732856,153,"Dace","Leuciscus leuciscus",974151,1,209293,,,27,,""
"281",41974,"Farndon Net",163751,2023-09-25,732857,194,"Roach","Rutilus rutilus",974152,1,209294,,,16,,""
"282",41974,"Farndon Net",163751,2023-09-25,732859,193,"Gudgeon","Gobio gobio",974154,1,209295,,,27,,""
"283",39786,"Sawley Weir Net",164152,2023-09-26,735002,284,"Minnow","Phoxinus phoxinus",977180,1,209761,,,524,,""
"284",34661,"Colwick Marina Net",164157,2023-09-28,735030,194,"Roach","Rutilus rutilus",977208,1,209754,,,641,,""
"285",34661,"Colwick Marina Net",164157,2023-09-28,735031,193,"Gudgeon","Gobio gobio",977209,1,209753,,,638,,""
"286",34661,"Colwick Marina Net",164157,2023-09-28,735032,284,"Minnow","Phoxinus phoxinus",977210,1,209756,,,120,,""
"287",34661,"Colwick Marina Net",164157,2023-09-28,735035,152,"Chub","Leuciscus cephalus",977213,1,209755,,,101,,""
"288",39787,"Muskham Bridge Net",164158,2023-10-02,735052,153,"Dace","Leuciscus leuciscus",977220,1,209763,,,50,,""
"289",39787,"Muskham Bridge Net",164158,2023-10-02,735056,284,"Minnow","Phoxinus phoxinus",977224,1,209764,,,159,,""
"290",41973,"Kneeton Net",164177,2023-10-03,735157,284,"Minnow","Phoxinus phoxinus",977326,1,209776,,,199,,""
"291",41973,"Kneeton Net",164177,2023-10-03,735158,153,"Dace","Leuciscus leuciscus",977327,1,209774,,,721,,""
"292",41973,"Kneeton Net",164177,2023-10-03,735159,152,"Chub","Leuciscus cephalus",977328,1,209775,,,113,,""
"293",41973,"Kneeton Net",164177,2023-10-03,735160,193,"Gudgeon","Gobio gobio",977329,1,209773,,,93,,""
"294",41327,"Nooning Lane Net",167403,2024-09-19,744783,284,"Minnow","Phoxinus phoxinus",991543,1,212027,,,2755,,""
"295",41327,"Nooning Lane Net",167403,2024-09-19,744784,152,"Chub","Leuciscus cephalus",991544,1,212028,,,25,,""
"296",41327,"Nooning Lane Net",167403,2024-09-19,744785,281,"3-spined stickleback","Gasterosteus aculeatus",991545,1,212029,,,163,,""
